{
    "model" : "BiLSTM",
    "accuracy": 0.9999200701713562,
    "precision": 0.9998525381088257, 
    "recall": 0.9998525381088257
}