{
    "model": "CNN",
    "accuracy": 0.9891318411178678,
    "precision": 0.9891662741403674,
    "recall": 0.9910335063709297,
    "f1_score": 0.9900990099009901
}