{"accuracy": [0.9804556369781494, 0.9994804263114929, 0.9997202157974243, 0.9999200701713562, 1.0, 1.0], "auc": [0.9985265731811523, 0.9998037815093994, 0.9999995827674866, 0.9999998807907104, 0.9999999403953552, 1.0], "loss": [0.048133883625268936, 0.0026404240634292364, 0.0008142590522766113, 0.00022132409503683448, 2.5953393560484983e-05, 4.926760993839707e-06], "precision": [0.9761818051338196, 0.9997050166130066, 0.9998525381088257, 1.0, 1.0, 1.0], "recall": [0.9880566000938416, 0.9993364810943604, 0.999631404876709, 0.9998525381088257, 1.0, 1.0], "val_accuracy": [0.9984015226364136, 0.9992007613182068, 0.999520480632782, 0.999520480632782, 0.999520480632782, 0.999520480632782], "val_auc": [0.9994103908538818, 0.9997049570083618, 0.9997048377990723, 0.9997047781944275, 0.9997050166130066, 0.9997050166130066], "val_loss": [0.00791976973414421, 0.0042542386800050735, 0.0035592985805124044, 0.0033486364409327507, 0.004036431200802326, 0.004199827555567026], "val_precision": [1.0, 1.0, 1.0, 1.0, 1.0, 1.0], "val_recall": [0.9970518946647644, 0.9985259175300598, 0.9991155862808228, 0.9991155862808228, 0.9991155862808228, 0.9991155862808228], "learning_rate": [0.0010000000474974513, 0.0010000000474974513, 0.0010000000474974513, 0.0010000000474974513, 0.0010000000474974513, 0.0005000000237487257]}